text,label,source
quà tặng: phiếu mua hàng 80.000đ mua cà phê,Khác,synthetic
đùi bò,Thịt cá hải sản,real
hành tím túi 200gr,Rau củ quả,real
TÔM KHÔ - (KHAY) - VAT 8%,Thịt cá hải sản,synthetic
sữa chua chai 270ml,Đồ khô / Gia vị,synthetic
sầu riêng (kg),Trái cây,synthetic
chảo chống dính gói 1kg,Gia dụng,synthetic
BỘT CHIÊN GIÒN HŨ 150G,Đồ khô / Gia vị,synthetic
phi lê gà,Thịt cá hải sản,synthetic
bí xanh túi 500g,Rau củ quả,synthetic
p/s - băng vệ sinh,Đồ vệ sinh cá nhân,synthetic
tỏi túi 500g,Rau củ quả,synthetic
MỒNG TƠI GÓI 300G,Rau củ quả,synthetic
HÀNH LÁ,Rau củ quả,synthetic
MUỖNG INOX TÚI 2KG,Gia dụng,synthetic
kẹo dừa hộp 300g,Bánh kẹo,synthetic
vải pháp (kg),Trái cây,synthetic
bánh chocopie,Bánh kẹo,synthetic
TIÊU XAY - (CHAI) - VAT 8%,Đồ khô / Gia vị,synthetic
RAU MUỐNG TÚI 500G,Rau củ quả,synthetic
CLEAR - GEL RỬA TAY LỐC 3,Đồ vệ sinh cá nhân,synthetic
lock&lock - bật lửa chai 1l,Gia dụng,synthetic
đùi gà khay 500g,Thịt cá hải sản,synthetic
TÔM THẺ - (KHAY) - VAT 8%,Thịt cá hải sản,synthetic
NƯỚC HOA GÓI 24 MIẾNG,Đồ vệ sinh cá nhân,synthetic
KẸO DỪA GÓI 192G,Bánh kẹo,synthetic
DẦU ĂN,Đồ khô / Gia vị,synthetic
mồng tơi - (kg) - vat 5%,Rau củ quả,synthetic
chén sứ chai 750ml,Gia dụng,synthetic
oreo - bánh bông lan,Bánh kẹo,synthetic
ĐẬU CÔ VE BÓ,Rau củ quả,synthetic
THAU CHAI 750ML,Gia dụng,synthetic
bí đỏ,Rau củ quả,synthetic
nước hoa chai 650ml,Đồ vệ sinh cá nhân,synthetic
CHOCOPIE - KẸO MÚT LỐC 4,Bánh kẹo,synthetic
MẬN MỸ HỘP 500G,Trái cây,synthetic
NƯỚC TĂNG LỰC LON 330ML,Đồ uống,synthetic
HEAD & SHOULDERS - SỮA TẮM GÓI 10 MIẾNG,Đồ vệ sinh cá nhân,synthetic
NƯỚC ÉP TRÁI CÂY,Đồ uống,synthetic
khăn giấy tuýp 200g,Đồ vệ sinh cá nhân,synthetic
CẦU ĐẤT FARM - RAU DỀN,Rau củ quả,synthetic
quà tặng: phiếu mua hàng 50.000đ mua trái cây,Khác,synthetic
chiết khấu 70.000đ,Khác,synthetic
CẢI NGỌT - (GÓI) - VAT 5%,Rau củ quả,synthetic
KẸO DẺO,Bánh kẹo,synthetic
BÔNG CẢI XANH BÓ,Rau củ quả,synthetic
quà tặng: kem hộp cao cấp celano vani và hạt sôcôla 460ml,Khác,real
cà phê hòa tan thùng 24 lon,Đồ uống,synthetic
NHÃN THÁI LAN HỘP 500G,Trái cây,synthetic
bột giặt chai 1l,Gia dụng,synthetic
quà tặng: phiếu mua hàng 15.000đ mua cà phê,Khác,synthetic
mặt nạ tuýp 100g,Đồ vệ sinh cá nhân,synthetic
meatdeli - tôm khô,Thịt cá hải sản,synthetic
súp lơ (kg),Rau củ quả,synthetic
CẢI XANH GÓI 300G,Rau củ quả,synthetic
bánh quy gói 192g,Bánh kẹo,synthetic
rau dền gói 400gr,Rau củ quả,real
gel rửa tay lốc 3,Đồ vệ sinh cá nhân,synthetic
GỪNG TÚI 500G,Rau củ quả,synthetic
cua khay 500g,Thịt cá hải sản,synthetic
bơ thái lan khay 250g,Trái cây,synthetic
nescafe chai 1l,Đồ uống,synthetic
kiwi pháp khay 250g,Trái cây,synthetic
SƯỜN NON - (KG) - VAT 5%,Thịt cá hải sản,real
CELANO - BÁNH TRUNG THU THANH 100G,Bánh kẹo,synthetic
SỮA CHUA UỐNG GÓI 75G,Đồ khô / Gia vị,synthetic
BÁNH XỐP HŨ 22G,Bánh kẹo,synthetic
MÓC TREO QUẦN ÁO HỘP,Gia dụng,synthetic
pin aa túi 3.5kg,Gia dụng,synthetic
vissan - nem chua 500g,Thịt cá hải sản,synthetic
NGHÊU,Thịt cá hải sản,synthetic
NƯỚC CAM ÉP,Đồ uống,synthetic
CAM SÀNH THÁI LAN TÚI 1KG,Trái cây,synthetic
lavie - coca cola,Đồ uống,synthetic
bông tẩy trang,Đồ vệ sinh cá nhân,synthetic
CELANO - KẸO XÍ MUỘI HỘP THIẾC 400G,Bánh kẹo,synthetic
quà tặng: phiếu mua hàng 25.000đ mua bột giặt,Khác,synthetic
vietgap - khoai lang - (kg) - vat 5%,Rau củ quả,synthetic
nước giặt - (chai) - vat 10%,Gia dụng,synthetic
ariel - găng tay chai 1l,Gia dụng,synthetic
bánh bao không nhân thọ phát 300g (cb),Đồ khô / Gia vị,real
TÁO RUBY PHÁP - (KG) - VAT 5%,Trái cây,real
cây lau nhà bộ 3,Gia dụng,synthetic
vfresh - nước ép trái cây chai 350ml,Đồ uống,synthetic
BIA SAIGON LON 330ML,Đồ uống,synthetic
bột ngọt ajinomoto 100g cánh lớn +120,Đồ khô / Gia vị,real
kem đánh răng tuýp 100g,Đồ vệ sinh cá nhân,synthetic
KIWI ÚC (KG),Trái cây,synthetic
CHOCOPIE - BÁNH XỐP,Bánh kẹo,synthetic
DƯA HẤU MỸ (KG),Trái cây,synthetic
quà tặng: phiếu mua hàng 200.000đ mua dầu ăn,Khác,synthetic
VISSAN - THỊT BÒ - (KHAY) - VAT 8%,Thịt cá hải sản,synthetic
THỊT HEO KHAY 500G,Thịt cá hải sản,synthetic
dutch lady - mì hảo hảo gói 400g,Đồ khô / Gia vị,synthetic
NƯỚC SUỐI LỐC 6 LON,Đồ uống,synthetic
sữa đặc chai 270ml,Đồ khô / Gia vị,synthetic
bánh afc hộp thiếc 400g,Bánh kẹo,synthetic
KEM ĐÁNH RĂNG - (CHAI) - VAT 10%,Đồ vệ sinh cá nhân,synthetic
cp - thịt gà - (khay) - vat 8%,Thịt cá hải sản,synthetic
sườn già (kg),Thịt cá hải sản,synthetic
thịt bò (kg),Thịt cá hải sản,synthetic
khăn giấy gói 24 miếng,Đồ vệ sinh cá nhân,synthetic
colgate - bàn chải đánh răng,Đồ vệ sinh cá nhân,synthetic
sầu riêng,Trái cây,synthetic
quà tặng: phiếu mua hàng 15.000đ mua snack,Khác,synthetic
túi nilon,Khác,synthetic
soda thùng 24 lon,Đồ uống,synthetic
number 1 - g7 chai 1l,Đồ uống,synthetic
phí đóng gói,Khác,synthetic
XÀ LÁCH,Rau củ quả,synthetic
bánh afc thanh 100g,Bánh kẹo,synthetic
CP - NGHÊU - (KG) - VAT 5%,Thịt cá hải sản,synthetic
ariel - găng tay,Gia dụng,synthetic
xmen - kem chống nắng chai 500ml,Đồ vệ sinh cá nhân,synthetic
romano - nước súc miệng tuýp 100g,Đồ vệ sinh cá nhân,synthetic
sunhouse - bột giặt vỉ 4 viên,Gia dụng,synthetic
vissan - cua khay 500g,Thịt cá hải sản,synthetic
tiền cọc,Khác,synthetic
hành tây gói 300g,Rau củ quả,synthetic
bánh bông lan,Bánh kẹo,synthetic
bạch tuộc khay 500g,Thịt cá hải sản,synthetic
nước ép táo lon 330ml,Đồ uống,synthetic
CÁ VIÊN - (KG) - VAT 5%,Thịt cá hải sản,synthetic
THANH LONG THÁI LAN,Trái cây,synthetic
TÚI RÁC CUỘN,Gia dụng,synthetic
hồng giòn,Trái cây,synthetic
TÔM KHÔ - (KG) - VAT 5%,Thịt cá hải sản,synthetic
CAM SÀNH THÁI LAN HỘP 500G,Trái cây,synthetic
gạo vinh hiển khổng tước nguyên 5kg,Đồ khô / Gia vị,real
BÔNG TẨY TRANG HỘP,Đồ vệ sinh cá nhân,synthetic
XƯƠNG GIÁ HEO - (KG) - VAT 5%,Thịt cá hải sản,real
CLEAR - BÀN CHẢI ĐÁNH RĂNG TUÝP 200G,Đồ vệ sinh cá nhân,synthetic
TRỨNG VỊT CHAI 270ML,Đồ khô / Gia vị,synthetic
VIM - NỒI,Gia dụng,synthetic
hành tím,Rau củ quả,synthetic
NAM NGƯ - MÈ RANG CHAI 270ML,Đồ khô / Gia vị,synthetic
bơ lạt túi 5kg,Đồ khô / Gia vị,synthetic
HỒNG GIÒN NAM PHI (KG),Trái cây,synthetic
quà tặng: phiếu mua hàng 20.000đ mua dầu ăn,Khác,synthetic
vim - dao bếp hộp,Gia dụng,synthetic
mã giảm giá 80.000đ,Khác,synthetic
mãng cầu thái lan hộp 500g,Trái cây,synthetic
sữa chua uống lốc 4 hộp,Đồ khô / Gia vị,synthetic
freshfoco - bạch tuộc khay 300g,Thịt cá hải sản,synthetic
quà tặng: phiếu mua hàng 70.000đ mua sữa rửa mặt,Khác,synthetic
c2 chai 1l,Đồ uống,synthetic
TƯƠNG CÀ GÓI 75G,Đồ khô / Gia vị,synthetic
nescafe thùng 24 lon,Đồ uống,synthetic
SỮA ĐẶC - (CHAI) - VAT 8%,Đồ khô / Gia vị,synthetic
NHO (KG),Trái cây,synthetic
cải xanh - (kg) - vat 5%,Rau củ quả,synthetic
bánh chocopie lốc 4,Bánh kẹo,synthetic
nem chua (kg),Thịt cá hải sản,synthetic
XOÀI NAM PHI - (KG) - VAT 5%,Trái cây,synthetic
PEPSI - NƯỚC NGỌT HỘP 1L,Đồ uống,synthetic
VINAMILK - NẤM HƯƠNG KHÔ,Đồ khô / Gia vị,synthetic
sữa chua ăn vnm trái cây hộp 100g lốc 4 (al),Đồ khô / Gia vị,real
CỦ CẢI TRẮNG TÚI 500G,Rau củ quả,synthetic
trứng gà hộp 10,Đồ khô / Gia vị,real
đũa bộ 3,Gia dụng,synthetic
MEIZAN - TƯƠNG ỚT CHAI 270ML,Đồ khô / Gia vị,synthetic
ẾCH - (KHAY) - VAT 8%,Thịt cá hải sản,synthetic
ĐIỆN QUANG - MÓC TREO QUẦN ÁO TÚI 2KG,Gia dụng,synthetic
head & shoulders - khăn giấy lốc 3,Đồ vệ sinh cá nhân,synthetic
vifon - bột mì,Đồ khô / Gia vị,synthetic
G KITCHEN - CÁ VIÊN,Thịt cá hải sản,synthetic
MIẾN DONG,Đồ khô / Gia vị,synthetic
cp - mực ống (kg),Thịt cá hải sản,synthetic
TH TRUE JUICE - G7 CHAI 350ML,Đồ uống,synthetic
snack rong biển gói 200g,Bánh kẹo,synthetic
quà tặng: phiếu mua hàng 40.000đ mua dầu ăn,Khác,synthetic
nhãn - (kg) - vat 5%,Trái cây,synthetic
KEM HỘP HỘP 300G,Bánh kẹo,synthetic
sunhouse - nước xả vải chai 1l,Gia dụng,synthetic
xmen - tăm bông - (chai) - vat 10%,Đồ vệ sinh cá nhân,synthetic
ĐU ĐỦ HÀN QUỐC,Trái cây,synthetic
dao bếp hộp,Gia dụng,synthetic
sô cô la gói 192g,Bánh kẹo,synthetic
khổ qua (kg),Rau củ quả,synthetic
CẢI XANH (KG),Rau củ quả,synthetic
NƯỚC YẾN CHAI 1.5L,Đồ uống,synthetic
dutch lady - kem đặc có đường gói 75g,Đồ khô / Gia vị,synthetic
NAM NGƯ - KEM ĐẶC CÓ ĐƯỜNG LỐC 4 HỘP,Đồ khô / Gia vị,synthetic
khổ qua gói 300g,Rau củ quả,synthetic
DOWNY - NƯỚC TẨY TÚI 2KG,Gia dụng,synthetic
hành lá bó,Rau củ quả,synthetic
quà tặng: phiếu mua hàng 80.000đ mua gia vị,Khác,synthetic
BƯỞI HỘP 500G,Trái cây,synthetic
KẸO DỪA THANH 100G,Bánh kẹo,synthetic
mực ống khay 300g,Thịt cá hải sản,synthetic
quà tặng: phiếu mua hàng 40.000đ mua rau củ,Khác,synthetic
CÂY LAU NHÀ CÁI,Gia dụng,synthetic
senka - nước tẩy trang hộp,Đồ vệ sinh cá nhân,synthetic
bật lửa hộp,Gia dụng,synthetic
kem que,Bánh kẹo,synthetic
thịt bò xay khay 300g,Thịt cá hải sản,synthetic
khuyến mãi mua 1 tặng 1,Khác,synthetic
quà tặng: phiếu mua hàng 100.000đ mua thịt cá,Khác,synthetic
xà lách gói 300g,Rau củ quả,synthetic
dưa leo túi 500g,Rau củ quả,synthetic
rau dền - (gói) - vat 5%,Rau củ quả,synthetic
LẠP XƯỞNG (KG),Thịt cá hải sản,synthetic
VFRESH - NƯỚC SUỐI LỐC 6 LON,Đồ uống,synthetic
ly thủy tinh - (chai) - vat 10%,Gia dụng,synthetic
MEATDELI - NEM CHUA 500G,Thịt cá hải sản,synthetic
romano - sữa tắm chai 500ml,Đồ vệ sinh cá nhân,synthetic
kẹo xí muội gói 85g,Bánh kẹo,synthetic
XƯƠNG HEO - (KG) - VAT 5%,Thịt cá hải sản,synthetic
sườn già khay 500g,Thịt cá hải sản,synthetic
thịt heo,Thịt cá hải sản,synthetic
mè rang,Đồ khô / Gia vị,synthetic
MÓC TREO QUẦN ÁO CHAI 750ML,Gia dụng,synthetic
kem que - (gói) - vat 8%,Bánh kẹo,synthetic
hảo hảo - sữa tươi - (chai) - vat 8%,Đồ khô / Gia vị,synthetic
meatdeli - bạch tuộc 1kg,Thịt cá hải sản,synthetic
rau dền - (kg) - vat 5%,Rau củ quả,synthetic
CÁ VIÊN,Thịt cá hải sản,synthetic
BIA HEINEKEN THÙNG 24 LON,Đồ uống,synthetic
bông cải xanh gói 300g,Rau củ quả,synthetic
POCA - BÁNH TAI HEO,Bánh kẹo,synthetic
TRÀ LIPTON LỐC 4 HỘP,Đồ uống,synthetic
PEPSI HỘP 1L,Đồ uống,synthetic
bánh afc gói 85g,Bánh kẹo,synthetic
quà tặng: phiếu mua hàng 100.000đ mua gia vị,Khác,synthetic
CHẢO CHỐNG DÍNH,Gia dụng,synthetic
BIA SAIGON CHAI 350ML,Đồ uống,synthetic
SIMPLY - BỘT NĂNG GÓI 1KG,Đồ khô / Gia vị,synthetic
cp - nem chua (kg),Thịt cá hải sản,synthetic
kem đặc có đường,Đồ khô / Gia vị,synthetic
vải hộp 500g,Trái cây,synthetic
CÁ NGỪ GÓI 300G,Thịt cá hải sản,synthetic
SỮA RỬA MẶT GÓI 10 MIẾNG,Đồ vệ sinh cá nhân,synthetic
PHI LÊ MÁ ĐÙI KHÔNG DA - (KG) - VAT 5%,Thịt cá hải sản,real
PEPSI LỐC 4 HỘP,Đồ uống,synthetic
BÁNH AFC LỐC 4,Bánh kẹo,synthetic
dưa hấu hộp 500g,Trái cây,synthetic
mồng tơi,Rau củ quả,synthetic
kem đánh răng chai 900ml,Đồ vệ sinh cá nhân,synthetic
gel rửa tay chai 900ml,Đồ vệ sinh cá nhân,synthetic
BÔNG CẢI XANH,Rau củ quả,synthetic
khoai tây (kg),Rau củ quả,synthetic
phiếu giảm giá 200.000đ,Khác,synthetic
bia heineken lon 330ml,Đồ uống,synthetic
snack oishi nhân socola vị hazelnut gói 85g/80g,Bánh kẹo,real
nước tương đậu nành hương việt cholimex thanh vị chai 500ml,Đồ khô / Gia vị,real
chocopie - bim bim gói 200g,Bánh kẹo,synthetic
kem hộp cao cấp celano sôcôla và hạt sôcôla 460ml,Bánh kẹo,real
kẹo cứng hộp thiếc 400g,Bánh kẹo,synthetic
cần tây bó,Rau củ quả,synthetic
thịt bò,Thịt cá hải sản,synthetic
phiếu giảm giá 80.000đ,Khác,synthetic
MEATDELI - CÁ NỤC - (KG) - VAT 5%,Thịt cá hải sản,synthetic
quà tặng: phiếu mua hàng 30.000đ mua trà,Khác,synthetic
túi rác túi 3.5kg,Gia dụng,synthetic
KẸO XÍ MUỘI HỘP THIẾC 400G,Bánh kẹo,synthetic
meizan - rong biển khô gói 1kg,Đồ khô / Gia vị,synthetic
G KITCHEN - CÁNH GÀ GÓI 300G,Thịt cá hải sản,synthetic
cà phê hòa tan chai 1l,Đồ uống,synthetic
LẠP XƯỞNG KHAY 500G,Thịt cá hải sản,synthetic
quà tặng: phiếu mua hàng 150.000đ mua thịt cá,Khác,synthetic
kẹo sữa hộp 300g,Bánh kẹo,synthetic
ĐŨA TÚI 2KG,Gia dụng,synthetic
quà tặng kèm,Khác,synthetic
đậu phộng,Đồ khô / Gia vị,synthetic
cp - tôm khô (kg),Thịt cá hải sản,synthetic
sữa tươi tiệt trùng bịch 220g,Đồ khô / Gia vị,synthetic
aquafina - nescafe hộp 1l,Đồ uống,synthetic
xoài úc khay 250g,Trái cây,synthetic
HÀNH LÁ - (KG) - VAT 5%,Rau củ quả,synthetic
phiếu giảm giá 100.000đ,Khác,synthetic
nước khoáng chai 500ml,Đồ uống,synthetic
quà tặng: phiếu mua hàng 70.000đ mua gạo ST25,Khác,synthetic
kem đánh răng p/s baking soda & hương thảo 230g,Đồ vệ sinh cá nhân,real
nước mắm hộp 100g,Đồ khô / Gia vị,synthetic
chôm chôm mỹ - (kg) - vat 5%,Trái cây,synthetic
quà tặng: phiếu mua hàng 70.000đ mua nước ngọt,Khác,synthetic
NƯỚC SÚC MIỆNG TUÝP 200G,Đồ vệ sinh cá nhân,synthetic
G7 THÙNG 24 LON,Đồ uống,synthetic
mặt nạ - (chai) - vat 10%,Đồ vệ sinh cá nhân,synthetic
VINAMILK - DẦU GẠO - (CHAI) - VAT 8%,Đồ khô / Gia vị,synthetic
XÚC XÍCH KHAY 500G,Thịt cá hải sản,synthetic
HADA LABO - NƯỚC TẨY TRANG HỘP,Đồ vệ sinh cá nhân,synthetic
chuối pháp túi 1kg,Trái cây,synthetic
kẹo cứng gói 192g,Bánh kẹo,synthetic
xà lách lolo xanh gói 300gr,Rau củ quả,real
POCA - KEM QUE LỐC 4,Bánh kẹo,synthetic
CHOCOPIE - KẸO MÚT GÓI 192G,Bánh kẹo,synthetic
quà tặng: phiếu mua hàng 15.000đ mua hạt nêm,Khác,synthetic
DIANA - LĂN KHỬ MÙI - (CHAI) - VAT 10%,Đồ vệ sinh cá nhân,synthetic
LỰU ÚC HỘP 500G,Trái cây,synthetic
SNACK RONG BIỂN,Bánh kẹo,synthetic
NHO MẪU ĐƠN KHAY 250G,Trái cây,synthetic
KHĂN LAU BẾP,Gia dụng,synthetic
kẹo dẻo lốc 4,Bánh kẹo,synthetic
mã giảm giá 50.000đ,Khác,synthetic
THỊT BÒ XAY - (KG) - VAT 5%,Thịt cá hải sản,real
bánh chocopie gói 192g,Bánh kẹo,synthetic
merino - kẹo xí muội - (gói) - vat 8%,Bánh kẹo,synthetic
rổ nhựa cái,Gia dụng,synthetic
dứa túi 1kg,Trái cây,synthetic
su su,Rau củ quả,synthetic
xoài mỹ - (kg) - vat 5%,Trái cây,synthetic
COCA COLA CHAI 500ML,Đồ uống,synthetic
KEM DƯỠNG DA CHAI 500ML,Đồ vệ sinh cá nhân,synthetic
vinamilk - trà bí đao lốc 4 hộp,Đồ uống,synthetic
nước hoa lốc 3,Đồ vệ sinh cá nhân,synthetic
mã giảm giá 20.000đ,Khác,synthetic
màng bọc thực phẩm gói 1kg,Gia dụng,synthetic
HÀNH TÍM TÚI 1KG,Rau củ quả,synthetic
quà tặng: phiếu mua hàng 70.000đ mua snack,Khác,synthetic
nước súc miệng gói 24 miếng,Đồ vệ sinh cá nhân,synthetic
ĐU ĐỦ MỸ,Trái cây,synthetic
đậu cô ve - (gói) - vat 5%,Rau củ quả,synthetic
vissan - cá diêu hồng 1kg,Thịt cá hải sản,synthetic
nho pháp (kg),Trái cây,synthetic
THỚT CÁI,Gia dụng,synthetic
CÁNH GÀ 500G,Thịt cá hải sản,synthetic
mận - (kg) - vat 5%,Trái cây,synthetic
THƠM - (KG) - VAT 5%,Trái cây,synthetic
DỨA HÀN QUỐC HỘP 500G,Trái cây,synthetic
NEM CHUA GÓI 300G,Thịt cá hải sản,synthetic
MIẾNG RỬA CHÉN,Gia dụng,synthetic
bột giặt chai 750ml,Gia dụng,synthetic
ớt chuông (kg),Rau củ quả,real
cá basa gói 300g,Thịt cá hải sản,synthetic
nhãn (kg),Trái cây,synthetic
móc treo quần áo cuộn,Gia dụng,synthetic
nho mẫu đơn hàn quốc - (kg) - vat 5%,Trái cây,synthetic
quà tặng: phiếu mua hàng 150.000đ mua tã em bé,Khác,synthetic
TÔM THẺ 500G,Thịt cá hải sản,synthetic
CHOLIMEX - SA TẾ GÓI 75G,Đồ khô / Gia vị,synthetic
quà tặng: phiếu mua hàng 25.000đ mua trái cây,Khác,synthetic
7up lốc 4 hộp,Đồ uống,synthetic
GIẤY VỆ SINH TUÝP 200G,Đồ vệ sinh cá nhân,synthetic
hảo hảo - sữa đặc gói 75g,Đồ khô / Gia vị,synthetic
VIM - GIẤY BẠC - (CHAI) - VAT 10%,Gia dụng,synthetic
ĐŨA CUỘN,Gia dụng,synthetic
quà tặng: phiếu mua hàng 25.000đ mua đồ hộp,Khác,synthetic
quà tặng: phiếu mua hàng 30.000đ mua cà phê,Khác,synthetic
ĐẬU PHỘNG BỊCH 220G,Đồ khô / Gia vị,synthetic
quà tặng: phiếu mua hàng 40.000đ mua dầu gội,Khác,synthetic
BỘT NĂNG,Đồ khô / Gia vị,synthetic
phí dịch vụ,Khác,synthetic
G KITCHEN - XÚC XÍCH (KG),Thịt cá hải sản,synthetic
giấy bạc túi 2kg,Gia dụng,synthetic
quà tặng: phiếu mua hàng 200.000đ mua dầu gội,Khác,synthetic
MỒNG TƠI - (GÓI) - VAT 5%,Rau củ quả,synthetic
nước súc miệng gói 10 miếng,Đồ vệ sinh cá nhân,synthetic
downy - nước xả vải,Gia dụng,synthetic
DẦU GỘI GÓI 10 MIẾNG,Đồ vệ sinh cá nhân,synthetic
nước xả vải cuộn,Gia dụng,synthetic
quà tặng: phiếu mua hàng 150.000đ mua nước ngọt,Khác,synthetic
quà tặng: phiếu mua hàng 30.000đ mua gia vị,Khác,synthetic
quà tặng: phiếu mua hàng 80.000đ mua gạo ST25,Khác,synthetic
đu đủ pháp - (kg) - vat 5%,Trái cây,synthetic
hộp đựng thực phẩm cái,Gia dụng,synthetic
WAKE-UP 247 - NƯỚC CAM ÉP,Đồ uống,synthetic
SUNLIGHT - MÓC TREO QUẦN ÁO HỘP,Gia dụng,synthetic
MEATDELI - XÚC XÍCH KHAY 300G,Thịt cá hải sản,synthetic
phiếu quà tặng 20.000đ,Khác,synthetic
KITKAT - BÁNH AFC HỘP THIẾC 400G,Bánh kẹo,synthetic
kẹo mút,Bánh kẹo,synthetic
LAVIE - NƯỚC ÉP TRÁI CÂY,Đồ uống,synthetic
cá ngừ 1kg,Thịt cá hải sản,synthetic
quà tặng: phiếu mua hàng 150.000đ mua gạo ST25,Khác,synthetic
hồng giòn new zealand,Trái cây,synthetic
CHÉN SỨ TÚI 2KG,Gia dụng,synthetic
nhãn nam phi túi 1kg,Trái cây,synthetic
ĐẬU BẮP GÓI 300G,Rau củ quả,synthetic
NESCAFE HỘP 1L,Đồ uống,synthetic
dâu tây mỹ,Trái cây,synthetic
chuối thái lan,Trái cây,synthetic
hành tím gói 300g,Rau củ quả,synthetic
hành tây,Rau củ quả,real
cây lau nhà hộp,Gia dụng,synthetic
kinh đô - bánh quy yến mạch gói 200g,Bánh kẹo,synthetic
KẸO DẺO HŨ 22G,Bánh kẹo,synthetic
quà tặng: phiếu mua hàng 150.000đ mua dầu gội,Khác,synthetic
lê hàn quốc khay 250g,Trái cây,synthetic
freshfoco - nạm bò,Thịt cá hải sản,synthetic
chén sứ hộp,Gia dụng,synthetic
lock&lock - nước tẩy gói 1kg,Gia dụng,synthetic
DƯA HẤU,Trái cây,synthetic
CẢI THÌA VIETGAP 300G - (GÓI) - VAT 5%,Rau củ quả,real
CÀ RỐT TÚI 500G,Rau củ quả,synthetic
CẦU ĐẤT FARM - GỪNG (KG),Rau củ quả,synthetic
cp - sườn già,Thịt cá hải sản,synthetic
SƯỜN NON (KG),Thịt cá hải sản,synthetic
xà phòng tuýp 100g,Đồ vệ sinh cá nhân,synthetic
kem hộp cao cấp celano caramen muối 460ml,Bánh kẹo,real
NƯỚC HOA HỘP,Đồ vệ sinh cá nhân,synthetic
rau muống bó,Rau củ quả,synthetic
NỒI,Gia dụng,synthetic
TƯỜNG AN - DẦU GẠO LỨT LIGHT 1L - (CHAI) - VAT 8%,Đồ khô / Gia vị,real
ông thọ - gạo st25 bịch 220g,Đồ khô / Gia vị,synthetic
bánh cosy hũ 22g,Bánh kẹo,synthetic
XÀ PHÒNG LỐC 3,Đồ vệ sinh cá nhân,synthetic
kinh đô - kem hộp gói 85g,Bánh kẹo,synthetic
SNACK KHOAI TÂY HỘP THIẾC 400G,Bánh kẹo,synthetic
cp - xúc xích - (khay) - vat 8%,Thịt cá hải sản,synthetic
nước tăng lực,Đồ uống,synthetic
quà tặng: phiếu mua hàng 15.000đ mua mì gói,Khác,synthetic
nescafe lốc 6 lon,Đồ uống,synthetic
head & shoulders - bàn chải đánh răng,Đồ vệ sinh cá nhân,synthetic
SỮA TẮM TUÝP 200G,Đồ vệ sinh cá nhân,synthetic
BA HUÂN - TÔM KHÔ KHAY 500G,Thịt cá hải sản,synthetic
quà tặng: phiếu mua hàng 100.000đ mua kem các loại,Khác,synthetic
COSY - BIM BIM THANH 100G,Bánh kẹo,synthetic
muối i-ốt chai 270ml,Đồ khô / Gia vị,synthetic
vải túi 1kg,Trái cây,synthetic
cải xanh bó,Rau củ quả,synthetic
cải ngọt (kg),Rau củ quả,synthetic
SODA LỐC 6 LON,Đồ uống,synthetic
khoai tây,Rau củ quả,real
xoài túi 1kg,Trái cây,synthetic
ARIEL - NƯỚC LAU SÀN CUỘN,Gia dụng,synthetic
BLUESTONE - RỔ NHỰA,Gia dụng,synthetic
DỨA PHÁP HỘP 500G,Trái cây,synthetic
KHĂN LAU BẾP CHAI 750ML,Gia dụng,synthetic
THỚT,Gia dụng,synthetic
màng bọc thực phẩm,Gia dụng,synthetic
bánh quy bơ gói 85g,Bánh kẹo,synthetic
phiếu quà tặng 150.000đ,Khác,synthetic
cầu đất farm - gừng,Rau củ quả,synthetic
SUNLIGHT - PIN AA CHAI 750ML,Gia dụng,synthetic
th true juice - nước tăng lực chai 350ml,Đồ uống,synthetic
hành tây - (kg) - vat 5%,Rau củ quả,synthetic
NHÃN THÁI LAN TÚI 1KG,Trái cây,synthetic
gừng túi 1kg,Rau củ quả,synthetic
SỮA RỬA MẶT,Đồ vệ sinh cá nhân,synthetic
khoai lang nhật,Rau củ quả,real
BIA TIGER CHAI 500ML,Đồ uống,synthetic
quýt úc,Trái cây,synthetic
miếng rửa chén gói 1kg,Gia dụng,synthetic
VÁNG SỮA CHAI 500ML,Đồ khô / Gia vị,synthetic
trứng gà hộp 100g,Đồ khô / Gia vị,synthetic
gà viên 1kg,Thịt cá hải sản,synthetic
TƯƠNG ỚT HỘP 100G,Đồ khô / Gia vị,synthetic
quà tặng: phiếu mua hàng 20.000đ mua kem đánh răng,Khác,synthetic
lavie - red bull chai 500ml,Đồ uống,synthetic
phiếu quà tặng 50.000đ,Khác,synthetic
LIFEBUOY - KHĂN GIẤY CHAI 500ML,Đồ vệ sinh cá nhân,synthetic
SƯỜN NON 500G,Thịt cá hải sản,synthetic
quà tặng: phiếu mua hàng 80.000đ mua kem các loại,Khác,synthetic
bánh bông lan hũ 22g,Bánh kẹo,synthetic
tường an - trứng cút,Đồ khô / Gia vị,synthetic
NƯỚC GIẶT HỘP,Gia dụng,synthetic
HADA LABO - KEM CHỐNG NẮNG LỐC 3,Đồ vệ sinh cá nhân,synthetic
CÂY LAU NHÀ CUỘN,Gia dụng,synthetic
SỮA DƯỠNG THỂ CHAI 650ML,Đồ vệ sinh cá nhân,synthetic
bánh pía gói 85g,Bánh kẹo,synthetic
bóng đèn led hộp,Gia dụng,synthetic
găng tay,Gia dụng,synthetic
dầu xả gói 24 miếng,Đồ vệ sinh cá nhân,synthetic
vfresh - nước yến,Đồ uống,synthetic
THĂN BÒ 1KG,Thịt cá hải sản,synthetic
XÔ TÚI 2KG,Gia dụng,synthetic
LIFEBUOY - KEM DƯỠNG DA TUÝP 100G,Đồ vệ sinh cá nhân,synthetic
GIẤY VỆ SINH CHAI 900ML,Đồ vệ sinh cá nhân,synthetic
túi đựng,Khác,synthetic
bật lửa túi 2kg,Gia dụng,synthetic
ba huân - thịt gà gói 300g,Thịt cá hải sản,synthetic
quà tặng: phiếu mua hàng 30.000đ mua bánh kẹo,Khác,synthetic
quà tặng: phiếu mua hàng 10.000đ áp dụng mua hạt nêm từ 800g,Khác,real
lays - kẹo sữa hộp thiếc 400g,Bánh kẹo,synthetic
thịt gà,Thịt cá hải sản,synthetic
dầu hào maggi chai 530g,Đồ khô / Gia vị,real
lê thái lan (kg),Trái cây,synthetic
THỊT ĐÙI HEO - (KG) - VAT 5%,Thịt cá hải sản,real
KEM CHỐNG NẮNG LỐC 3,Đồ vệ sinh cá nhân,synthetic
sữa chua ăn men sống việt quất th true yogurt lốc 4x100g,Đồ khô / Gia vị,real
tiêu xay hũ 150g,Đồ khô / Gia vị,synthetic
lix - rổ nhựa chai 750ml,Gia dụng,synthetic
tiền boa,Khác,synthetic
cây lau nhà gói 1kg,Gia dụng,synthetic
chả lụa 500g,Thịt cá hải sản,synthetic
SỮA BỘT CHAI 270ML,Đồ khô / Gia vị,synthetic
gel rửa tay chai 650ml,Đồ vệ sinh cá nhân,synthetic
ĐU ĐỦ (KG),Trái cây,synthetic
AQUAFINA - G7 CHAI 350ML,Đồ uống,synthetic
dưa hấu thái lan hộp 500g,Trái cây,synthetic
tường an - rong biển khô gói 75g,Đồ khô / Gia vị,synthetic
meatdeli - nạm bò,Thịt cá hải sản,synthetic
nước ép trái cây hộp 1l,Đồ uống,synthetic
BÁNH AFC,Bánh kẹo,synthetic
cải ngọt túi 1kg,Rau củ quả,synthetic
VINAMILK - SỮA CHUA GÓI 75G,Đồ khô / Gia vị,synthetic
ROMANO - KEM DƯỠNG DA CHAI 500ML,Đồ vệ sinh cá nhân,synthetic
SNACK RONG BIỂN HỘP THIẾC 400G,Bánh kẹo,synthetic
chuối úc,Trái cây,synthetic
LỰU HÀN QUỐC (KG),Trái cây,synthetic
cà rốt túi 1kg,Rau củ quả,synthetic
táo gala túi 1kg,Trái cây,synthetic
tỏi,Rau củ quả,synthetic
quà tặng: phiếu mua hàng 10.000đ mua trái cây,Khác,synthetic
BÁNH QUY BƠ HỘP THIẾC 400G,Bánh kẹo,synthetic
FRESHFOCO - BÒ VIÊN,Thịt cá hải sản,synthetic
quà tặng: phiếu mua hàng 150.000đ mua trái cây,Khác,synthetic
dưa hấu úc túi 1kg,Trái cây,synthetic
dầu xả hộp,Đồ vệ sinh cá nhân,synthetic
quà tặng: phiếu mua hàng 20.000đ mua bột giặt,Khác,synthetic
th true milk - bột chiên giòn gói 75g,Đồ khô / Gia vị,synthetic
7UP CHAI 1L,Đồ uống,synthetic
ĐƯỜNG TRẮNG BỊCH 220G,Đồ khô / Gia vị,synthetic
tipo - bánh tai heo lốc 4,Bánh kẹo,synthetic
quà tặng: phiếu mua hàng 30.000đ mua bột giặt,Khác,synthetic
BÁNH XỐP THANH 100G,Bánh kẹo,synthetic
NGÒ RÍ TÚI 1KG,Rau củ quả,synthetic
ổi thái lan túi 1kg,Trái cây,synthetic
phô mai hộp 10 quả,Đồ khô / Gia vị,synthetic
nho mẫu đơn hàn quốc (kg),Trái cây,synthetic
cá nục khay 300g,Thịt cá hải sản,synthetic
củ cải trắng gói 300g,Rau củ quả,synthetic
BƯỞI PHÁP KHAY 250G,Trái cây,synthetic
wake-up 247 - nước yến,Đồ uống,synthetic
cá viên - (khay) - vat 8%,Thịt cá hải sản,synthetic
FRESHFOCO - GÀ VIÊN RAU CỦ 300G - (KHAY) - VAT 8%,Thịt cá hải sản,real
bột ngọt chai 270ml,Đồ khô / Gia vị,synthetic
BÁNH XỐP GÓI 200G,Bánh kẹo,synthetic
NƯỚC SUỐI,Đồ uống,synthetic
nescafe,Đồ uống,synthetic
DƯA HẤU - (KG) - VAT 5%,Trái cây,synthetic
NEPTUNE - BÚN KHÔ - (CHAI) - VAT 8%,Đồ khô / Gia vị,synthetic
quà tặng: phiếu mua hàng 25.000đ mua rau củ,Khác,synthetic
BÒ VIÊN (KG),Thịt cá hải sản,synthetic
SNACK RONG BIỂN HŨ 22G,Bánh kẹo,synthetic
kem đánh răng,Đồ vệ sinh cá nhân,synthetic
NƯỚC YẾN CHAI 1L,Đồ uống,synthetic
coca-cola - nước ép trái cây,Đồ uống,synthetic
mận hàn quốc (kg),Trái cây,synthetic
SUNHOUSE - TÚI RÁC CUỘN,Gia dụng,synthetic
KẸO SỮA GÓI 200G,Bánh kẹo,synthetic
CHINSU - TƯƠNG ỚT,Đồ khô / Gia vị,synthetic
aquafina - 7up chai 350ml,Đồ uống,synthetic
dưa leo,Rau củ quả,synthetic
thơm hàn quốc,Trái cây,synthetic
nước mắm nam ngư chai pet 900ml?15,Đồ khô / Gia vị,real
bánh oreo gói 200g,Bánh kẹo,synthetic
hành lá - (gói) - vat 5%,Rau củ quả,synthetic
NHO - (KG) - VAT 5%,Trái cây,synthetic
trứng vịt gói 400g,Đồ khô / Gia vị,synthetic
poca - kẹo xí muội,Bánh kẹo,synthetic
KOTEX - MẶT NẠ - (CHAI) - VAT 10%,Đồ vệ sinh cá nhân,synthetic
BIA SAIGON CHAI 1.5L,Đồ uống,synthetic
quà tặng: phiếu mua hàng 150.000đ mua mì gói,Khác,synthetic
ngò rí gói 300g,Rau củ quả,synthetic
làm tròn hóa đơn,Khác,synthetic
MẶT NẠ GÓI 10 MIẾNG,Đồ vệ sinh cá nhân,synthetic
NƯỚC KHOÁNG LỐC 4 HỘP,Đồ uống,synthetic
voucher 25.000đ,Khác,synthetic
HEAD & SHOULDERS - KEM DƯỠNG DA TUÝP 100G,Đồ vệ sinh cá nhân,synthetic
xmen - nước tẩy trang chai 900ml,Đồ vệ sinh cá nhân,synthetic
mặt nạ chai 650ml,Đồ vệ sinh cá nhân,synthetic
NẠM BÒ 500G,Thịt cá hải sản,synthetic
SÚP LƠ BÓ,Rau củ quả,synthetic
coca-cola - g7 chai 350ml,Đồ uống,synthetic
sữa dưỡng thể lốc 3,Đồ vệ sinh cá nhân,synthetic
phiếu quà tặng 200.000đ,Khác,synthetic
NƯỚC YẾN CHAI 500ML,Đồ uống,synthetic
KEM HỘP LỐC 4,Bánh kẹo,synthetic
VINAMILK - NƯỚC CAM ÉP CHAI 1.5L,Đồ uống,synthetic
voucher 10.000đ,Khác,synthetic
ĐŨA,Gia dụng,synthetic
phiếu quà tặng 30.000đ,Khác,synthetic
duracell - nước xịt phòng bộ 3,Gia dụng,synthetic
LỰU THÁI LAN KHAY 250G,Trái cây,synthetic
quà tặng: phiếu mua hàng 10.000đ mua dầu ăn,Khác,synthetic
kitkat - bánh gạo gói 192g,Bánh kẹo,synthetic
phiếu giảm giá 150.000đ,Khác,synthetic
bia saigon thùng 24 lon,Đồ uống,synthetic
muỗng inox hộp,Gia dụng,synthetic
quà tặng: phiếu mua hàng 30.000đ mua sữa tươi,Khác,synthetic
STING THÙNG 24 LON,Đồ uống,synthetic
NƯỚC TƯƠNG LỐC 4 HỘP,Đồ khô / Gia vị,synthetic
vissan - cua 1kg,Thịt cá hải sản,synthetic
ếch,Thịt cá hải sản,synthetic
dứa úc (kg),Trái cây,synthetic
chổi quét nhà gói 1kg,Gia dụng,synthetic
DAO BẾP TÚI 2KG,Gia dụng,synthetic
khoai tây túi 500g,Rau củ quả,synthetic
SENKA - KEM CHỐNG NẮNG LỐC 3,Đồ vệ sinh cá nhân,synthetic
DAO CẠO RÂU,Đồ vệ sinh cá nhân,synthetic
thau túi 3.5kg,Gia dụng,synthetic
coca-cola - sữa đậu nành lốc 4 hộp,Đồ uống,synthetic
bia tiger chai 1.5l,Đồ uống,synthetic
KOTEX - SỮA DƯỠNG THỂ TUÝP 100G,Đồ vệ sinh cá nhân,synthetic
quà tặng: phiếu mua hàng 40.000đ mua nước rửa chén,Khác,synthetic
đậu phộng túi 5kg,Đồ khô / Gia vị,synthetic
MÀNG BỌC THỰC PHẨM CHAI 1L,Gia dụng,synthetic
ĐÀ LẠT GAP - NẤM KIM CHÂM,Rau củ quả,synthetic
mì hảo hảo chai 500ml,Đồ khô / Gia vị,synthetic
ÔNG THỌ - SỮA TƯƠI TIỆT TRÙNG LỐC 4 HỘP,Đồ khô / Gia vị,synthetic
vietgap - ngò rí - (kg) - vat 5%,Rau củ quả,synthetic
KNORR - NƯỚC TƯƠNG CHAI 500ML,Đồ khô / Gia vị,synthetic
vifon - đường trắng,Đồ khô / Gia vị,synthetic
p/s - nước tẩy trang chai 500ml,Đồ vệ sinh cá nhân,synthetic
NƯỚC YẾN HỘP 1L,Đồ uống,synthetic
GIẤY BẠC - (CHAI) - VAT 10%,Gia dụng,synthetic
cholimex - mè rang - (chai) - vat 8%,Đồ khô / Gia vị,synthetic
quà tặng: phiếu mua hàng 30.000đ mua kem đánh răng,Khác,synthetic
NẤM KIM CHÂM GÓI 300G,Rau củ quả,synthetic
cp - thịt bò xay (kg),Thịt cá hải sản,synthetic
BÔNG TẨY TRANG CHAI 500ML,Đồ vệ sinh cá nhân,synthetic
chocopie - kẹo sữa gói 200g,Bánh kẹo,synthetic
lăn khử mùi tuýp 200g,Đồ vệ sinh cá nhân,synthetic
củ cải trắng,Rau củ quả,synthetic
TRỨNG GÀ GÓI 75G,Đồ khô / Gia vị,synthetic
ỨC GÀ - (KG) - VAT 5%,Thịt cá hải sản,synthetic
quà tặng: phiếu mua hàng 70.000đ mua thịt cá,Khác,synthetic
bánh trung thu hộp 300g,Bánh kẹo,synthetic
đường cát chai 500ml,Đồ khô / Gia vị,synthetic
sầu riêng úc khay 250g,Trái cây,synthetic
rau dền túi 500g,Rau củ quả,synthetic
giấy vệ sinh gói 24 miếng,Đồ vệ sinh cá nhân,synthetic
mã giảm giá 150.000đ,Khác,synthetic
XÀ LÁCH TÚI 1KG,Rau củ quả,synthetic
wake-up 247 - pepsi,Đồ uống,synthetic
MEATDELI - THỊT GÀ,Thịt cá hải sản,synthetic
lạp xưởng gói 300g,Thịt cá hải sản,synthetic
orion - bánh tai heo - (gói) - vat 8%,Bánh kẹo,synthetic
oishi - bánh oreo,Bánh kẹo,synthetic
LĂN KHỬ MÙI CHAI 650ML,Đồ vệ sinh cá nhân,synthetic
7UP CHAI 1.5L,Đồ uống,synthetic
mứt dừa hũ 22g,Bánh kẹo,synthetic
TĂM BÔNG,Đồ vệ sinh cá nhân,synthetic
SỮA TẮM,Đồ vệ sinh cá nhân,synthetic
NƯỚC ÉP TRÁI CÂY CHAI 1.5L,Đồ uống,synthetic
mứt dừa hộp 300g,Bánh kẹo,synthetic
DÂU TÂY THÁI LAN KHAY 250G,Trái cây,synthetic
NỒI TÚI 2KG,Gia dụng,synthetic
voucher 50.000đ,Khác,synthetic
nước ép trái cây lon 330ml,Đồ uống,synthetic
xô - (chai) - vat 10%,Gia dụng,synthetic
TH TRUE JUICE - STING,Đồ uống,synthetic
sunhouse - găng tay,Gia dụng,synthetic
mặt nạ tuýp 200g,Đồ vệ sinh cá nhân,synthetic
cà chua túi 1kg,Rau củ quả,synthetic
SỮA DƯỠNG THỂ TUÝP 200G,Đồ vệ sinh cá nhân,synthetic
stt vinamilk 100% ít đường 11,Đồ khô / Gia vị,real
KHOAI LANG,Rau củ quả,synthetic
QUAKER - BÁNH QUY YẾN MẠCH SOCOLA GÓI 250G - (GÓI) - VẠT 8%,Bánh kẹo,real
kẹo mút hộp 300g,Bánh kẹo,synthetic
việt quất - (kg) - vat 5%,Trái cây,synthetic
DOVE - KEM DƯỠNG DA GÓI 10 MIẾNG,Đồ vệ sinh cá nhân,synthetic
ĐƯỜNG CÁT,Đồ khô / Gia vị,synthetic
cà phê hòa tan lốc 6 lon,Đồ uống,synthetic
lựu hộp 500g,Trái cây,synthetic
COCA COLA LON 330ML,Đồ uống,synthetic
rau muống - (kg) - vat 5%,Rau củ quả,synthetic
bật lửa cái,Gia dụng,synthetic
nước xịt phòng cuộn,Gia dụng,synthetic
thơm túi 1kg,Trái cây,synthetic
BÍ ĐỎ - (GÓI) - VAT 5%,Rau củ quả,synthetic
ĐU ĐỦ PHÁP TÚI 1KG,Trái cây,synthetic
bánh quy yến mạch hũ 22g,Bánh kẹo,synthetic
quà tặng: phiếu mua hàng 40.000đ mua hạt nêm,Khác,synthetic
NEPTUNE - NẤM HƯƠNG KHÔ,Đồ khô / Gia vị,synthetic
cá thu 500g,Thịt cá hải sản,synthetic
NHO MẪU ĐƠN THÁI LAN HỘP 500G,Trái cây,synthetic
kotex - nước súc miệng gói 24 miếng,Đồ vệ sinh cá nhân,synthetic
TÁO ENVY MỸ (KG),Trái cây,synthetic
KẸO XÍ MUỘI GÓI 192G,Bánh kẹo,synthetic
bông cải xanh túi 1kg,Rau củ quả,synthetic
nước lau sàn bộ 3,Gia dụng,synthetic
knorr - phô mai - (chai) - vat 8%,Đồ khô / Gia vị,synthetic
HÀNH TÍM - (KG) - VAT 5%,Rau củ quả,synthetic
chổi quét nhà túi 3.5kg,Gia dụng,synthetic
PEPSI - BIA TIGER,Đồ uống,synthetic
BÁNH TAI HEO - (GÓI) - VAT 8%,Bánh kẹo,synthetic
BA HUÂN - TÔM THẺ 500G,Thịt cá hải sản,synthetic
bánh oreo - (gói) - vat 8%,Bánh kẹo,synthetic
kẹo xí muội hũ 22g,Bánh kẹo,synthetic
BƯỞI NAM PHI,Trái cây,synthetic
CELANO - BÁNH BÔNG LAN THANH 100G,Bánh kẹo,synthetic
DẦU GỘI GÓI 24 MIẾNG,Đồ vệ sinh cá nhân,synthetic
quà tặng: phiếu mua hàng 150.000đ mua kem đánh răng,Khác,synthetic
quýt thái lan,Trái cây,synthetic
đà lạt gap - cà tím,Rau củ quả,synthetic
KINH ĐÔ - KẸO DỪA GÓI 85G,Bánh kẹo,synthetic
NƯỚC RỬA CHÉN CHAI 750ML,Gia dụng,synthetic
QUAKER - BÁNH TAI HEO GÓI 192G,Bánh kẹo,synthetic
cải ngọt,Rau củ quả,synthetic
bột bắp tấn sang gói 150g,Đồ khô / Gia vị,real
quà tặng: phiếu mua hàng 50.000đ mua trà,Khác,synthetic
colgate - kem dưỡng da,Đồ vệ sinh cá nhân,synthetic
cải thìa,Rau củ quả,synthetic
ớt chuông túi 1kg,Rau củ quả,synthetic
NUMBER 1 - NƯỚC DỪA THÙNG 24 LON,Đồ uống,synthetic
nho mẫu đơn hàn quốc,Trái cây,synthetic
trà bí đao,Đồ uống,synthetic
kem đặc có đường dl blue túi thông minh 280g,Đồ khô / Gia vị,real
giá đỗ túi 1kg,Rau củ quả,synthetic
tăm bông chai 500ml,Đồ vệ sinh cá nhân,synthetic
bánh cosy gói 192g,Bánh kẹo,synthetic
phiếu giảm giá 15.000đ,Khác,synthetic
NESCAFE CHAI 1.5L,Đồ uống,synthetic
XÀ PHÒNG TUÝP 200G,Đồ vệ sinh cá nhân,synthetic
bưởi thái lan,Trái cây,synthetic
KẸO DẺO - (GÓI) - VAT 8%,Bánh kẹo,synthetic
nước tẩy,Gia dụng,synthetic
SUNLIGHT - MIẾNG RỬA CHÉN CHAI 1L,Gia dụng,synthetic
ông thọ - tương cà chai 500ml,Đồ khô / Gia vị,synthetic
ớt bột phạm tân hũ 150g,Đồ khô / Gia vị,real
NƯỚC TẨY TRANG CHAI 900ML,Đồ vệ sinh cá nhân,synthetic
bibica - bánh bông lan gói 200g,Bánh kẹo,synthetic
NEM CHUA,Thịt cá hải sản,synthetic
NƯỚC GIẶT,Gia dụng,synthetic
cà phê hòa tan lốc 4 hộp,Đồ uống,synthetic
gừng - (kg) - vat 5%,Rau củ quả,synthetic
xà lách - (gói) - vat 5%,Rau củ quả,synthetic
SỮA CHUA UỐNG,Đồ khô / Gia vị,synthetic
KIWI NAM PHI - (KG) - VAT 5%,Trái cây,synthetic
KẸO DẺO GÓI 200G,Bánh kẹo,synthetic
giò lụa gói 300g,Thịt cá hải sản,synthetic
dutch lady - dầu gạo gói 400g,Đồ khô / Gia vị,synthetic
nước tăng lực lốc 6 lon,Đồ uống,synthetic
xoài new zealand,Trái cây,synthetic
gạo st25 chai 270ml,Đồ khô / Gia vị,synthetic
BÁNH GẠO GÓI 192G,Bánh kẹo,synthetic
coca-cola - trà ô long lốc 6 lon,Đồ uống,synthetic
OISHI - BÁNH QUY BƠ HŨ 22G,Bánh kẹo,synthetic
NẤM HƯƠNG KHÔ GÓI 400G,Đồ khô / Gia vị,synthetic
ỔI - (KG) - VAT 5%,Trái cây,synthetic
tương ớt hũ 150g,Đồ khô / Gia vị,synthetic
DOWNY - CÂY LAU NHÀ CHAI 1L,Gia dụng,synthetic
AQUAFINA - NƯỚC ÉP TRÁI CÂY CHAI 1L,Đồ uống,synthetic
kẹo cứng gói 85g,Bánh kẹo,synthetic
CHUỐI TÚI 1KG,Trái cây,synthetic
g7 lốc 4 hộp,Đồ uống,synthetic
phô mai hũ 150g,Đồ khô / Gia vị,synthetic
vfresh - bia tiger thùng 24 lon,Đồ uống,synthetic
TRÀ XANH CHAI 1.5L,Đồ uống,synthetic
GIẤY BẠC BỘ 3,Gia dụng,synthetic
hành tím (kg),Rau củ quả,synthetic
MEIZAN - GẠO ST25 CHAI 270ML,Đồ khô / Gia vị,synthetic
RED BULL,Đồ uống,synthetic
cà chua (kg),Rau củ quả,real
thơm hộp 500g,Trái cây,synthetic
LỰU MỸ (KG),Trái cây,synthetic
cá hồi,Thịt cá hải sản,synthetic
MỨT DỪA LỐC 4,Bánh kẹo,synthetic
BẮP CẢI - (GÓI) - VAT 5%,Rau củ quả,synthetic
quà tặng: phiếu mua hàng 10.000đ mua sữa chua,Khác,synthetic
thịt đùi heo,Thịt cá hải sản,synthetic
DẦU GẠO,Đồ khô / Gia vị,synthetic
VISSAN - PHI LÊ GÀ - (KHAY) - VAT 8%,Thịt cá hải sản,synthetic
LÊ ÚC TÚI 1KG,Trái cây,synthetic
NAM NGƯ - TRỨNG CÚT GÓI 400G,Đồ khô / Gia vị,synthetic
BĂNG VỆ SINH LỐC 3,Đồ vệ sinh cá nhân,synthetic
quà tặng: phiếu mua hàng 70.000đ mua hạt nêm,Khác,synthetic
NƯỚC DỪA,Đồ uống,synthetic
RONG BIỂN KHÔ GÓI 400G,Đồ khô / Gia vị,synthetic
chiết khấu 80.000đ,Khác,synthetic
TƯƠNG CÀ HỘP 10 QUẢ,Đồ khô / Gia vị,synthetic
táo envy,Trái cây,synthetic
MERINO - KẸO CỨNG GÓI 85G,Bánh kẹo,synthetic
tường an - bột chiên giòn,Đồ khô / Gia vị,synthetic
phí giao hàng,Khác,synthetic
pepsi chai 500ml,Đồ uống,synthetic
vải (kg),Trái cây,synthetic
quà tặng: phiếu mua hàng 200.000đ mua gia vị,Khác,synthetic
sữa dưỡng thể,Đồ vệ sinh cá nhân,synthetic
BÒ VIÊN KHAY 300G,Thịt cá hải sản,synthetic
MUỖNG INOX GÓI 1KG,Gia dụng,synthetic
SIMPLY - SA TẾ CHAI 270ML,Đồ khô / Gia vị,synthetic
KHOAI LANG TÚI 500G,Rau củ quả,synthetic
lựu khay 250g,Trái cây,synthetic
NƯỚC CAM ÉP CHAI 350ML,Đồ uống,synthetic
BIM BIM - (GÓI) - VAT 8%,Bánh kẹo,synthetic
vải thái lan,Trái cây,synthetic
p/s - tăm bông chai 900ml,Đồ vệ sinh cá nhân,synthetic
kiwi thái lan,Trái cây,synthetic
ếch 1kg,Thịt cá hải sản,synthetic
SỮA ĐẬU NÀNH CHAI 350ML,Đồ uống,synthetic
pepsi chai 350ml,Đồ uống,synthetic
TÚI RÁC GÓI 1KG,Gia dụng,synthetic
tăm bông hộp,Đồ vệ sinh cá nhân,synthetic
quà tặng: phiếu mua hàng 70.000đ mua nước mắm,Khác,synthetic
BÍ ĐỎ TÚI 1KG,Rau củ quả,synthetic
quà tặng: phiếu mua hàng 20.000đ mua gia vị,Khác,synthetic
MEATDELI - ỨC GÀ 500G,Thịt cá hải sản,synthetic
LỰU,Trái cây,synthetic
quà tặng: phiếu mua hàng 30.000đ mua sữa rửa mặt/nước tẩy trang simple,Khác,real
NHO MẪU ĐƠN MỸ TÚI 1KG,Trái cây,synthetic
cải xanh,Rau củ quả,synthetic
quà tặng: phiếu mua hàng 70.000đ mua sữa chua,Khác,synthetic
PEPSI - SỮA ĐẬU NÀNH LỐC 4 HỘP,Đồ uống,synthetic
bí đỏ gói 300g,Rau củ quả,synthetic
bánh pía,Bánh kẹo,synthetic
bắp cải túi 1kg,Rau củ quả,synthetic
DIANA - LĂN KHỬ MÙI HỘP,Đồ vệ sinh cá nhân,synthetic
XMEN - GIẤY VỆ SINH LỐC 3,Đồ vệ sinh cá nhân,synthetic
THĂN BÒ,Thịt cá hải sản,synthetic
THĂN BÒ - (KG) - VAT 5%,Thịt cá hải sản,real
ĐIỆN QUANG - NƯỚC XẢ VẢI - (CHAI) - VAT 10%,Gia dụng,synthetic
DAO BẾP TÚI 3.5KG,Gia dụng,synthetic
cần tây - (kg) - vat 5%,Rau củ quả,synthetic
phiếu tích điểm,Khác,synthetic
cp - cá nục khay 500g,Thịt cá hải sản,synthetic
phiếu quà tặng 70.000đ,Khác,synthetic
quà tặng: phiếu mua hàng 15.000đ mua thịt cá,Khác,synthetic
CUA KHAY 300G,Thịt cá hải sản,synthetic
thơm trái trung 1/2,Trái cây,real
CẦU ĐẤT FARM - BÔNG CẢI XANH - (KG) - VAT 5%,Rau củ quả,synthetic
MUỖNG INOX VỈ 4 VIÊN,Gia dụng,synthetic
POCA - KẸO DẺO,Bánh kẹo,synthetic
sữa dưỡng thể tuýp 100g,Đồ vệ sinh cá nhân,synthetic
bánh gạo hũ 22g,Bánh kẹo,synthetic
PLAYMORE - KEO THE VỊ NHO HŨ 22G - (HŨ) - VAT 8%,Bánh kẹo,real
dầu xả chai 500ml,Đồ vệ sinh cá nhân,synthetic
nước ngọt lốc 4 hộp,Đồ uống,synthetic
lựu - (kg) - vat 5%,Trái cây,synthetic
bò viên - (kg) - vat 5%,Thịt cá hải sản,synthetic
VIỆT QUẤT NAM PHI (KG),Trái cây,synthetic
BÍ XANH - (KG) - VAT 5%,Rau củ quả,synthetic
đu đủ úc (kg),Trái cây,synthetic
BÁNH PÍA HỘP 300G,Bánh kẹo,synthetic
xoài khay 250g,Trái cây,synthetic
xương heo khay 500g,Thịt cá hải sản,synthetic
trà xanh lốc 4 hộp,Đồ uống,synthetic
GẠO THƠM BỊCH 220G,Đồ khô / Gia vị,synthetic
ngò rí - (gói) - vat 5%,Rau củ quả,synthetic
BÁNH QUY YẾN MẠCH THANH 100G,Bánh kẹo,synthetic
c2 thùng 24 lon,Đồ uống,synthetic
CHẢO CHỐNG DÍNH CUỘN,Gia dụng,synthetic
sữa chua uống gói 400g,Đồ khô / Gia vị,synthetic
TÁO ENVY NEW ZEALAND KHAY 250G,Trái cây,synthetic
CÀ RỐT,Rau củ quả,synthetic
giấy bạc gói 1kg,Gia dụng,synthetic
TÁO ENVY (KG),Trái cây,synthetic
thăn bò khay 300g,Thịt cá hải sản,synthetic
NẤM RƠM (KG),Rau củ quả,synthetic
KINH ĐÔ - BÁNH QUY GÓI 200G,Bánh kẹo,synthetic
THAU CUỘN,Gia dụng,synthetic
SỮA TẮM GÓI 24 MIẾNG,Đồ vệ sinh cá nhân,synthetic
xương heo 500g,Thịt cá hải sản,synthetic
TƯƠNG CÀ - (CHAI) - VAT 8%,Đồ khô / Gia vị,synthetic
miếng rửa chén cái,Gia dụng,synthetic
quà tặng: phiếu mua hàng 30.000đ mua thịt cá,Khác,synthetic
voucher 20.000đ,Khác,synthetic
mặt nạ lốc 3,Đồ vệ sinh cá nhân,synthetic
BÁNH TRUNG THU LỐC 4,Bánh kẹo,synthetic
BÔNG CẢI XANH TÚI 500G,Rau củ quả,synthetic
xoài hàn quốc (kg),Trái cây,synthetic
đường trắng chai 270ml,Đồ khô / Gia vị,synthetic
băng vệ sinh gói 10 miếng,Đồ vệ sinh cá nhân,synthetic
pepsi - bia tiger chai 1l,Đồ uống,synthetic
dầu gội,Đồ vệ sinh cá nhân,synthetic
KNORR - DẦU ĂN,Đồ khô / Gia vị,synthetic
chôm chôm,Trái cây,synthetic
nước xả vải vỉ 4 viên,Gia dụng,synthetic
KEM QUE GÓI 85G,Bánh kẹo,synthetic
DẦU XẢ TUÝP 200G,Đồ vệ sinh cá nhân,synthetic
nước tương - (chai) - vat 8%,Đồ khô / Gia vị,synthetic
TÚI ZIP CHAI 750ML,Gia dụng,synthetic
kem chống nắng chai 500ml,Đồ vệ sinh cá nhân,synthetic
aquafina - bia tiger thùng 24 lon,Đồ uống,synthetic
quà tặng: phiếu mua hàng 40.000đ mua gạo ST25,Khác,synthetic
kitkat - sô cô la gói 192g,Bánh kẹo,synthetic
comfort - muỗng inox,Gia dụng,synthetic
hành lá túi 1kg,Rau củ quả,synthetic
GIẤY BẠC VỈ 4 VIÊN,Gia dụng,synthetic
đà lạt gap - giá đỗ - (gói) - vat 5%,Rau củ quả,synthetic
DẦU HÀO CHAI 500ML,Đồ khô / Gia vị,synthetic
vietgap - khoai lang - (gói) - vat 5%,Rau củ quả,synthetic
TƯƠNG CÀ CHAI 500ML,Đồ khô / Gia vị,synthetic
kotex - kem chống nắng - (chai) - vat 10%,Đồ vệ sinh cá nhân,synthetic
hada labo - sữa dưỡng thể,Đồ vệ sinh cá nhân,synthetic
băng vệ sinh tuýp 100g,Đồ vệ sinh cá nhân,synthetic
quà tặng: phiếu mua hàng 40.000đ mua đồ hộp,Khác,synthetic
bia heineken hộp 1l,Đồ uống,synthetic
soda lốc 4 hộp,Đồ uống,synthetic
COCA-COLA - NƯỚC TĂNG LỰC,Đồ uống,synthetic
NƯỚC ÉP TÁO,Đồ uống,synthetic
phiếu giảm giá 40.000đ,Khác,synthetic
vfresh - soda thùng 24 lon,Đồ uống,synthetic
KẸO XÍ MUỘI,Bánh kẹo,synthetic
GEL RỬA TAY,Đồ vệ sinh cá nhân,synthetic
NƯỚC KHOÁNG THÙNG 24 LON,Đồ uống,synthetic
thẻ thành viên,Khác,synthetic
ĐẬU BẮP BÓ,Rau củ quả,synthetic
ông thọ - dầu hào gói 75g,Đồ khô / Gia vị,synthetic
COLGATE - GIẤY VỆ SINH,Đồ vệ sinh cá nhân,synthetic
th true juice - nước suối chai 1l,Đồ uống,synthetic
bluestone - chảo chống dính,Gia dụng,synthetic
phiếu quà tặng 25.000đ,Khác,synthetic
bao bì,Khác,synthetic
quà tặng: phiếu mua hàng 20.000đ mua dầu gội,Khác,synthetic
NHÃN PHÁP TÚI 1KG,Trái cây,synthetic
MÓC TREO QUẦN ÁO TÚI 2KG,Gia dụng,synthetic
bông tẩy trang chai 900ml,Đồ vệ sinh cá nhân,synthetic
BÁNH QUY HỘP THIẾC 400G,Bánh kẹo,synthetic
chinsu - tương cà,Đồ khô / Gia vị,synthetic
NƯỚC TĂNG LỰC LỐC 4 HỘP,Đồ uống,synthetic
vải pháp,Trái cây,synthetic
quà tặng: phiếu mua hàng 30.000đ mua dầu ăn,Khác,synthetic
kẹo xí muội gói 200g,Bánh kẹo,synthetic
nước hoa - (chai) - vat 10%,Đồ vệ sinh cá nhân,synthetic
cải xanh túi 1kg,Rau củ quả,synthetic
BLUESTONE - XÔ TÚI 2KG,Gia dụng,synthetic
SÚP LƠ - (KG) - VAT 5%,Rau củ quả,synthetic
VISSAN - GHẸ,Thịt cá hải sản,synthetic
DIANA - KHĂN GIẤY TUÝP 100G,Đồ vệ sinh cá nhân,synthetic
táo gala (kg),Trái cây,synthetic
cam sành pháp hộp 500g,Trái cây,synthetic
HADA LABO - BÀN CHẢI ĐÁNH RĂNG,Đồ vệ sinh cá nhân,synthetic
MEIZAN - PHÔ MAI GÓI 1KG,Đồ khô / Gia vị,synthetic
THĂN BÒ KHAY 500G,Thịt cá hải sản,synthetic
tường an - gạo thơm,Đồ khô / Gia vị,synthetic
quà tặng: phiếu mua hàng 30.000đ mua snack,Khác,synthetic
bàn chải đánh răng - (chai) - vat 10%,Đồ vệ sinh cá nhân,synthetic
băng vệ sinh,Đồ vệ sinh cá nhân,synthetic
DUTCH LADY - SA TẾ CHAI 270ML,Đồ khô / Gia vị,synthetic
BIA TIGER CHAI 1L,Đồ uống,synthetic
SƯỜN GIA - (KG) - VAT 5%,Thịt cá hải sản,real
BÒ VIÊN,Thịt cá hải sản,synthetic
vải nam phi khay 250g,Trái cây,synthetic
lạp xưởng,Thịt cá hải sản,synthetic
nước ép táo hộp 1l,Đồ uống,synthetic
SIMPLE - LĂN KHỬ MÙI - (CHAI) - VAT 10%,Đồ vệ sinh cá nhân,synthetic
MUỐI I-ỐT HỘP 100G,Đồ khô / Gia vị,synthetic
BẬT LỬA,Gia dụng,synthetic
GIẤY VỆ SINH HỘP,Đồ vệ sinh cá nhân,synthetic
bánh pía gói 192g,Bánh kẹo,synthetic
g kitchen - ghẹ 500g,Thịt cá hải sản,synthetic
kẹo cứng,Bánh kẹo,synthetic
TÁO GALA NEW ZEALAND (5-6 QUẢ/KG) - (KG) - VAT 5%,Trái cây,real
vissan - ghẹ khay 300g,Thịt cá hải sản,synthetic
g7 hộp 1l,Đồ uống,synthetic
NƯỚC NGỌT HỘP 1L,Đồ uống,synthetic
nước rửa chén cái,Gia dụng,synthetic
phiếu quà tặng 10.000đ,Khác,synthetic
cá basa 1kg,Thịt cá hải sản,synthetic
GIẤM GẠO GÓI 400G,Đồ khô / Gia vị,synthetic
BƠ - (KG) - VAT 5%,Trái cây,synthetic
tường an - phô mai gói 400g,Đồ khô / Gia vị,synthetic
BÔNG TẨY TRANG GÓI 10 MIẾNG,Đồ vệ sinh cá nhân,synthetic
dứa new zealand,Trái cây,synthetic
VIỆT QUẤT HÀN QUỐC HỘP 500G,Trái cây,synthetic
P/S - DẦU XẢ - (CHAI) - VAT 10%,Đồ vệ sinh cá nhân,synthetic
omo - nước tẩy,Gia dụng,synthetic
nghêu 1kg,Thịt cá hải sản,synthetic
VISSAN - BẠCH TUỘC - (KG) - VAT 5%,Thịt cá hải sản,synthetic
SODA HỘP 1L,Đồ uống,synthetic
RAU DỀN TÚI 1KG,Rau củ quả,synthetic
quà tặng: phiếu mua hàng 40.000đ mua tã em bé,Khác,synthetic
VINAMILK - TRÀ LIPTON CHAI 500ML,Đồ uống,synthetic
CÀ TÍM,Rau củ quả,synthetic
vinamilk - nước suối lốc 6 lon,Đồ uống,synthetic
nhãn túi 1kg,Trái cây,synthetic
BLUESTONE - NƯỚC LAU SÀN CHAI 750ML,Gia dụng,synthetic
bia tiger,Đồ uống,synthetic
quà tặng: phiếu mua hàng 15.000đ mua nước rửa chén,Khác,synthetic
bật lửa vỉ 4 viên,Gia dụng,synthetic
tôm khô 1kg,Thịt cá hải sản,synthetic
RED BULL LỐC 6 LON,Đồ uống,synthetic
orion - kẹo dẻo hộp 300g,Bánh kẹo,synthetic
lăn khử mùi chai 500ml,Đồ vệ sinh cá nhân,synthetic
chiết khấu 150.000đ,Khác,synthetic
sunhouse - giấy bạc túi 3.5kg,Gia dụng,synthetic
quà tặng: phiếu mua hàng 10.000đ mua thịt cá,Khác,synthetic
gift - pin aa,Gia dụng,synthetic
CLOSE UP - MẶT NẠ GÓI 10 MIẾNG,Đồ vệ sinh cá nhân,synthetic
phí vận chuyển,Khác,synthetic
trứng gà chai 270ml,Đồ khô / Gia vị,synthetic
lifebuoy - nước súc miệng - (chai) - vat 10%,Đồ vệ sinh cá nhân,synthetic
KOTEX - KHĂN GIẤY,Đồ vệ sinh cá nhân,synthetic
close up - bàn chải đánh răng,Đồ vệ sinh cá nhân,synthetic
7up hộp 1l,Đồ uống,synthetic
QUÝT NEW ZEALAND,Trái cây,synthetic
mì hảo hảo gói 1kg,Đồ khô / Gia vị,synthetic
ĐÙI GÀ 500G,Thịt cá hải sản,synthetic
nước ngọt thùng 24 lon,Đồ uống,synthetic
celano - kẹo dẻo - (gói) - vat 8%,Bánh kẹo,synthetic
DƯA HẤU PHÁP,Trái cây,synthetic
kem chống nắng,Đồ vệ sinh cá nhân,synthetic
voucher 70.000đ,Khác,synthetic
nồi chai 1l,Gia dụng,synthetic
sườn già - (khay) - vat 8%,Thịt cá hải sản,synthetic
HỘP ĐỰNG THỰC PHẨM VỈ 4 VIÊN,Gia dụng,synthetic
bánh gạo gói 85g,Bánh kẹo,synthetic
NHÃN THÁI LAN KHAY 250G,Trái cây,synthetic
phụ thu,Khác,synthetic
g7 chai 1.5l,Đồ uống,synthetic
quà tặng: phiếu mua hàng 20.000đ mua trà,Khác,synthetic
vinamilk - nước ngọt chai 350ml,Đồ uống,synthetic
thịt bò xay 1kg,Thịt cá hải sản,synthetic
vinamilk - nước yến hộp 1l,Đồ uống,synthetic
quà tặng: phiếu mua hàng 70.000đ mua bột giặt,Khác,synthetic
RAU MUỐNG GÓI 300G,Rau củ quả,synthetic
mì gói hộp 10 quả,Đồ khô / Gia vị,synthetic
G KITCHEN - CÁ DIÊU HỒNG (KG),Thịt cá hải sản,synthetic
sprite thùng 24 lon,Đồ uống,synthetic
sữa tắm chai 500ml,Đồ vệ sinh cá nhân,synthetic
OMO - NƯỚC TẨY TÚI 3.5KG,Gia dụng,synthetic
mã giảm giá 25.000đ,Khác,synthetic
mã giảm giá 30.000đ,Khác,synthetic
MỰC ỐNG KHAY 500G,Thịt cá hải sản,synthetic
BỘT MÌ GÓI 400G,Đồ khô / Gia vị,synthetic
POCA - BIM BIM,Bánh kẹo,synthetic
sô cô la - (gói) - vat 8%,Bánh kẹo,synthetic
gừng - (gói) - vat 5%,Rau củ quả,synthetic
cà rốt (kg),Rau củ quả,real
neptune - bột năng gói 75g,Đồ khô / Gia vị,synthetic
bánh oreo thanh 100g,Bánh kẹo,synthetic
CÂY LAU NHÀ CHAI 750ML,Gia dụng,synthetic
KHỔ QUA - (KG) - VAT 5%,Rau củ quả,synthetic
rau dền gói 300g,Rau củ quả,synthetic
ĐẬU BẮP - (GÓI) - VAT 5%,Rau củ quả,synthetic
bột ngọt chai 500ml,Đồ khô / Gia vị,synthetic
G KITCHEN - TÔM SÚ KHAY 500G,Thịt cá hải sản,synthetic
vissan - chả lụa 1kg,Thịt cá hải sản,synthetic
cam úc khay 250g,Trái cây,synthetic
cam khay 250g,Trái cây,synthetic
BẮP CẢI TÍM TÚI 500G,Rau củ quả,synthetic
thơm úc hộp 500g,Trái cây,synthetic
cá viên (kg),Thịt cá hải sản,synthetic
hạt điều rang gói 200g,Bánh kẹo,synthetic
MUỐI I-ỐT,Đồ khô / Gia vị,synthetic
bánh quy yến mạch oat krunch sôcôla và việt quất gói 192g,Bánh kẹo,real
nho hộp 500g,Trái cây,synthetic
SƯỜN GIÀ,Thịt cá hải sản,synthetic
BỘT GIẶT GÓI 1KG,Gia dụng,synthetic
kem hộp - (gói) - vat 8%,Bánh kẹo,synthetic
quà tặng: phiếu mua hàng 150.000đ mua dầu ăn,Khác,synthetic
PEPSI - RED BULL,Đồ uống,synthetic
NẠM CỔ BÒ - (KG) - VAT 5%,Thịt cá hải sản,real
bánh tai heo hộp thiếc 400g,Bánh kẹo,synthetic
quà tặng: phiếu mua hàng 70.000đ mua kem đánh răng,Khác,synthetic
lăn khử mùi chai 900ml,Đồ vệ sinh cá nhân,synthetic
mã giảm giá 15.000đ,Khác,synthetic
lix - cây lau nhà túi 3.5kg,Gia dụng,synthetic
bơ hàn quốc khay 250g,Trái cây,synthetic
vifon - sữa tươi tiệt trùng,Đồ khô / Gia vị,synthetic
DẦU GẠO CHAI 500ML,Đồ khô / Gia vị,synthetic
SA TẾ,Đồ khô / Gia vị,synthetic
WAKE-UP 247 - BIA HEINEKEN HỘP 1L,Đồ uống,synthetic
ĐÀ LẠT GAP - SU SU - (GÓI) - VAT 5%,Rau củ quả,synthetic
SIMPLE - BĂNG VỆ SINH TUÝP 200G,Đồ vệ sinh cá nhân,synthetic
vfresh - nước ngọt lon 330ml,Đồ uống,synthetic
NƯỚC CAM ÉP CHAI 1.5L,Đồ uống,synthetic
BỘT NĂNG HỘP 100G,Đồ khô / Gia vị,synthetic
NƯỚC RỬA CHÉN GÓI 1KG,Gia dụng,synthetic
quà tặng: phiếu mua hàng 20.000đ mua hạt nêm,Khác,synthetic
AQUAFINA - COCA COLA CHAI 1.5L,Đồ uống,synthetic
SNACK KHOAI TÂY,Bánh kẹo,synthetic
NƯỚC HOA,Đồ vệ sinh cá nhân,synthetic
PHÔ MAI CHAI 270ML,Đồ khô / Gia vị,synthetic
nước tẩy chai 750ml,Gia dụng,synthetic
g kitchen - thịt gà gói 300g,Thịt cá hải sản,synthetic
dâu tây khay 250g,Trái cây,synthetic
XÀ PHÒNG HỘP,Đồ vệ sinh cá nhân,synthetic
tường an - váng sữa gói 75g,Đồ khô / Gia vị,synthetic
ariel - bật lửa,Gia dụng,synthetic
trà lipton hộp 1l,Đồ uống,synthetic
bánh trung thu hũ 22g,Bánh kẹo,synthetic
DOWNY - NƯỚC XỊT PHÒNG,Gia dụng,synthetic
bánh quy yến mạch,Bánh kẹo,synthetic
OISHI - BÁNH AFC THANH 100G,Bánh kẹo,synthetic
KẸO MÚT HỘP THIẾC 400G,Bánh kẹo,synthetic
BA RỌI HEO - (KG) - VẤT 5%,Thịt cá hải sản,real
mặt nạ hộp,Đồ vệ sinh cá nhân,synthetic
KEM DƯỠNG DA - (CHAI) - VAT 10%,Đồ vệ sinh cá nhân,synthetic
number 1 - nước dừa chai 500ml,Đồ uống,synthetic
quà tặng: phiếu mua hàng 80.000đ mua trái cây,Khác,synthetic
head & shoulders - kem chống nắng chai 500ml,Đồ vệ sinh cá nhân,synthetic
g kitchen - xúc xích khay 500g,Thịt cá hải sản,synthetic
cần tây,Rau củ quả,synthetic
quà tặng: phiếu mua hàng 20.000đ mua gạo st25 túi 5kg,Khác,real
HỒNG GIÒN TÚI 1KG,Trái cây,synthetic
nấm kim châm,Rau củ quả,synthetic
cholimex - nấm hương khô gói 1kg,Đồ khô / Gia vị,synthetic
PLAYMORE - KÉO XÍ MUỘI HŨ 22G - (HŨ) - VAT 8%,Bánh kẹo,real
CẦU ĐẤT FARM - HÀNH LÁ (KG),Rau củ quả,synthetic
CÂY LAU NHÀ,Gia dụng,synthetic
ngò rí (kg),Rau củ quả,synthetic
downy - miếng rửa chén cái,Gia dụng,synthetic
HẢO HẢO - BỘT BẮP HỘP 10 QUẢ,Đồ khô / Gia vị,synthetic
quà tặng: phiếu mua hàng 15.000đ mua sữa rửa mặt,Khác,synthetic
bluestone - móc treo quần áo,Gia dụng,synthetic
